{
  "test_summary": {
    "total_tests": 3,
    "successful_tests": 3,
    "failed_tests": 0,
    "success_rate": 1.0
  },
  "performance_statistics": {
    "total_time": {
      "min": 5.461215019226074,
      "max": 40.637285232543945,
      "avg": 17.61129641532898,
      "sum": 52.83388924598694
    },
    "clone_time": {
      "min": 3.9563868045806885,
      "max": 30.59920597076416,
      "avg": 13.042625109354654
    },
    "parsing_time": {
      "min": 0.08530378341674805,
      "max": 2.10170578956604,
      "avg": 0.7745104630788168
    },
    "ckg_build_time": {
      "min": 0.7977995872497559,
      "max": 7.801681995391846,
      "avg": 3.745297431945801
    }
  },
  "language_breakdown": {
    "kotlin": {
      "total": 1,
      "success": 1,
      "failed": 0
    },
    "dart": {
      "total": 1,
      "success": 1,
      "failed": 0
    },
    "python": {
      "total": 1,
      "success": 1,
      "failed": 0
    }
  },
  "detailed_results": [
    {
      "project_name": "KMP Production Sample",
      "language": "kotlin",
      "success": true,
      "error_message": "",
      "metrics": {
        "clone_time": 4.572282552719116,
        "language_detect_time": 0.0036458969116210938,
        "parsing_time": 0.08530378341674805,
        "ckg_build_time": 0.7977995872497559,
        "total_time": 5.461215019226074,
        "files_parsed": 31,
        "entities_found": 521,
        "relationships_created": 112,
        "nodes_created": 552
      },
      "details": {
        "cloned_path": "/tmp/repochat_kmp-production-sample_1749114036735178_9334",
        "detected_languages": [
          "kotlin",
          "swift",
          "java"
        ],
        "primary_language": "kotlin",
        "parse_result_summary": {
          "languages_processed": [
            "kotlin",
            "java"
          ],
          "total_files": 31,
          "total_entities": 521
        },
        "ckg_summary": {
          "project_name": "kmp-production-sample-test",
          "nodes_in_db": 553,
          "relationships_in_db": 633,
          "build_success": true
        }
      }
    },
    {
      "project_name": "Flutter Examples Simple",
      "language": "dart",
      "success": true,
      "error_message": "",
      "metrics": {
        "clone_time": 30.59920597076416,
        "language_detect_time": 0.126326322555542,
        "parsing_time": 2.10170578956604,
        "ckg_build_time": 7.801681995391846,
        "total_time": 40.637285232543945,
        "files_parsed": 299,
        "entities_found": 4497,
        "relationships_created": 2622,
        "nodes_created": 4796
      },
      "details": {
        "cloned_path": "/tmp/repochat_flutter-examples_1749114042201861_3823",
        "detected_languages": [
          "dart",
          "c",
          "swift",
          "cpp",
          "java",
          "kotlin"
        ],
        "primary_language": "dart",
        "parse_result_summary": {
          "languages_processed": [
            "dart",
            "java",
            "kotlin"
          ],
          "total_files": 299,
          "total_entities": 4497
        },
        "ckg_summary": {
          "project_name": "flutter-examples-simple-test",
          "nodes_in_db": 4797,
          "relationships_in_db": 7119,
          "build_success": true
        }
      }
    },
    {
      "project_name": "Requests Python",
      "language": "python",
      "success": true,
      "error_message": "",
      "metrics": {
        "clone_time": 3.9563868045806885,
        "language_detect_time": 0.003832101821899414,
        "parsing_time": 0.1365218162536621,
        "ckg_build_time": 2.636410713195801,
        "total_time": 6.735388994216919,
        "files_parsed": 36,
        "entities_found": 2060,
        "relationships_created": 70,
        "nodes_created": 2096
      },
      "details": {
        "cloned_path": "/tmp/repochat_requests_1749114082951071_8190",
        "detected_languages": [
          "python",
          "cpp",
          "c"
        ],
        "primary_language": "python",
        "parse_result_summary": {
          "languages_processed": [
            "python"
          ],
          "total_files": 36,
          "total_entities": 2060
        },
        "ckg_summary": {
          "project_name": "requests-python-test",
          "nodes_in_db": 2097,
          "relationships_in_db": 2130,
          "build_success": true
        }
      }
    }
  ],
  "test_timestamp": "2025-06-05T16:01:29.686516",
  "phase_coverage": "Phase 1 (Data Acquisition) + Phase 2 (CKG Operations)"
}